source,scenario,format,spark_runtime,dataset_label,layout_id,engine,cache_state,runs,avg_duration_ms,p50_duration_ms,p95_duration_ms,p99_duration_ms,min_duration_ms,max_duration_ms,avg_selectivity,avg_bytes_read,avg_records_read,orc_bloom_columns,spark_version,avg_scan_ratio,sla_success_rate,avg_seconds_per_gb,query_category,sla_class,duration_group,rows_cap_ok_rate,passed
benchmark,eq_filters,orc,spark32-orc,f3,f3,spark,cold,5,227.8,232.0,275.0,275.0,169,275,3.805325928348551E-5,218919.0,37552.0,"epk_id,event_id,module,name,channel_type,state",3.2.1.3.5.4.1-1,9.955283530654081E-6,1.0,1117.3008624523227,7_EQ,interactive,1_month,1.0,""
benchmark,epk_eq_14d,orc,spark32-orc,f3,f3,spark,cold,5,957.2,965.0,1160.0,1160.0,690,1160,0.0,9.532259E7,530000.0,"epk_id,event_id,module,name,channel_type,state",3.2.1.3.5.4.1-1,0.004334769528119037,1.0,10.782183676847218,7_EQ,interactive,1_month,1.0,""
benchmark,epk_page,orc,spark32-orc,f3,f3,spark,cold,5,690.2,661.0,862.0,862.0,577,862,0.0,9.532259E7,530000.0,"epk_id,event_id,module,name,channel_type,state",3.2.1.3.5.4.1-1,0.004334769528119037,1.0,7.774616771583735,7_EQ,interactive,1_month,1.0,""
benchmark,epk_eq_1d,orc,spark32-orc,f3,f3,spark,cold,5,1080.4,1086.0,1244.0,1244.0,847,1244,0.0,9.532259E7,530000.0,"epk_id,event_id,module,name,channel_type,state",3.2.1.3.5.4.1-1,0.004334769528119037,1.0,12.16994488556805,7_EQ,interactive,1_month,1.0,""
benchmark,order_by_epk_day,orc,spark32-orc,f3,f3,spark,cold,5,210.2,197.0,330.0,330.0,140,330,0.0027322676723010473,132542.0,37552.0,"epk_id,event_id,module,name,channel_type,state",3.2.1.3.5.4.1-1,6.027312337987809E-6,1.0,1702.8604623802269,"",archive,1_month,0.0,""
validation,row_count,orc,spark32-orc,-,default,spark,-,1,"","","","","","","","","","",3.2.1.3.5.4.1-1,"","","","","","","",true
validation,low_cardinality_bounds,orc,spark32-orc,-,default,spark,-,1,"","","","","","","","","","",3.2.1.3.5.4.1-1,"","","","","","","",true
validation,timestamp_range,orc,spark32-orc,-,default,spark,-,1,"","","","","","","","","","",3.2.1.3.5.4.1-1,"","","","","","","",true
validation,log_format_distribution,orc,spark32-orc,-,default,spark,-,1,"","","","","","","","","","",3.2.1.3.5.4.1-1,"","","","","","","",true
validation,log_message_structure,orc,spark32-orc,-,default,spark,-,1,"","","","","","","","","","",3.2.1.3.5.4.1-1,"","","","","","","",true
validation,orc_bloom_filters,orc,spark32-orc,-,default,spark,-,1,"","","","","","","","","","",3.2.1.3.5.4.1-1,"","","","","","","",true
