source,scenario,format,spark_runtime,dataset_label,runs,avg_duration_ms,p50_duration_ms,p95_duration_ms,min_duration_ms,max_duration_ms,avg_selectivity,avg_bytes_read,avg_records_read,orc_bloom_columns,spark_version,passed
benchmark,filter_combined,orc,spark32-orc,bloom,5,1065.2,1054.0,1116.0,1036,1116,0.02049183480624793,1.40770639E8,5.3687091E7,"event_id,user_id,product_id,campaign_id",3.2.1.3.5.7.0-1-SNAPSHOT,""
benchmark,filter_low_cardinality,orc,spark32-orc,nobloom,5,3349.6,3230.0,3606.0,3114,3606,0.01000000167638064,1.6394273E8,2.14748364E8,none,3.2.1.3.5.7.0-1-SNAPSHOT,""
benchmark,projection,orc,spark32-orc,bloom,5,1639.8,1600.0,1762.0,1531,1762,1.0,9.8087764E7,2.14748364E8,"event_id,user_id,product_id,campaign_id",3.2.1.3.5.7.0-1-SNAPSHOT,""
benchmark,text_search,orc,spark32-orc,nobloom,5,18975.0,18995.0,19158.0,18794,19158,0.25,2.6272936879E10,2.14748364E8,none,3.2.1.3.5.7.0-1-SNAPSHOT,""
benchmark,full_scan,orc,spark32-orc,bloom,5,1908.8,1846.0,2245.0,1707,2245,1.0,9.8087764E7,2.14748364E8,"event_id,user_id,product_id,campaign_id",3.2.1.3.5.7.0-1-SNAPSHOT,""
benchmark,projection,orc,spark32-orc,nobloom,5,1748.6,1693.0,1980.0,1587,1980,1.0,9.7893616E7,2.14748364E8,none,3.2.1.3.5.7.0-1-SNAPSHOT,""
benchmark,filter_timestamp_range,orc,spark32-orc,bloom,5,3470.6,3493.0,3639.0,3237,3639,0.08196732991176595,5.62152454E8,2.14748364E8,"event_id,user_id,product_id,campaign_id",3.2.1.3.5.7.0-1-SNAPSHOT,""
benchmark,filter_medium_cardinality,orc,spark32-orc,nobloom,5,4442.6,3558.0,6875.0,3311,6875,1.9304920059833378E-4,1.437129553E9,2.14748364E8,none,3.2.1.3.5.7.0-1-SNAPSHOT,""
benchmark,full_scan,orc,spark32-orc,nobloom,5,1951.6,2019.0,2246.0,1684,2246,1.0,9.7893616E7,2.14748364E8,none,3.2.1.3.5.7.0-1-SNAPSHOT,""
benchmark,filter_log_format,orc,spark32-orc,bloom,5,547.6,554.0,575.0,510,575,0.25,2.4524034E7,5.3687091E7,"event_id,user_id,product_id,campaign_id",3.2.1.3.5.7.0-1-SNAPSHOT,""
benchmark,filter_log_format,orc,spark32-orc,nobloom,5,549.8,557.0,600.0,464,600,0.25,2.4475426E7,5.3687091E7,none,3.2.1.3.5.7.0-1-SNAPSHOT,""
benchmark,filter_timestamp_range,orc,spark32-orc,nobloom,5,3373.8,3285.0,3544.0,3265,3544,0.08196732991176595,5.61774644E8,2.14748364E8,none,3.2.1.3.5.7.0-1-SNAPSHOT,""
benchmark,filter_high_cardinality,orc,spark32-orc,nobloom,5,11770.0,11705.0,13177.0,10804,13177,1.024454835893418E-7,1.4691806296E10,2.14748364E8,none,3.2.1.3.5.7.0-1-SNAPSHOT,""
benchmark,group_by,orc,spark32-orc,bloom,5,4456.2,4430.0,4676.0,4251,4676,4.6566128904246273E-7,1.25884531E8,2.14748364E8,"event_id,user_id,product_id,campaign_id",3.2.1.3.5.7.0-1-SNAPSHOT,""
benchmark,filter_low_cardinality,orc,spark32-orc,bloom,5,3417.4,3311.0,4037.0,3124,4037,0.00999999701976775,1.64177696E8,2.14748364E8,"event_id,user_id,product_id,campaign_id",3.2.1.3.5.7.0-1-SNAPSHOT,""
benchmark,filter_medium_cardinality,orc,spark32-orc,bloom,5,4228.6,4202.0,4633.0,3972,4633,2.8093345567931777E-5,1.780268665E9,2.14748364E8,"event_id,user_id,product_id,campaign_id",3.2.1.3.5.7.0-1-SNAPSHOT,""
benchmark,text_search,orc,spark32-orc,bloom,5,20666.6,20649.0,21032.0,20450,21032,0.25,2.6273356195E10,2.14748364E8,"event_id,user_id,product_id,campaign_id",3.2.1.3.5.7.0-1-SNAPSHOT,""
benchmark,filter_high_cardinality,orc,spark32-orc,bloom,5,4346.4,4350.0,4568.0,4181,4568,1.024454835893418E-7,3.093701131E9,1.9810258E7,"event_id,user_id,product_id,campaign_id",3.2.1.3.5.7.0-1-SNAPSHOT,""
benchmark,group_by,orc,spark32-orc,nobloom,5,4299.6,4303.0,4451.0,4144,4451,4.6566128904246273E-7,1.25605925E8,2.14748364E8,none,3.2.1.3.5.7.0-1-SNAPSHOT,""
benchmark,filter_combined,orc,spark32-orc,nobloom,5,1183.0,1214.0,1321.0,1045,1321,0.02049183480624793,1.40535599E8,5.3687091E7,none,3.2.1.3.5.7.0-1-SNAPSHOT,""
validation,row_count,orc,spark32-orc,-,1,"","","","","","","","","",3.2.1.3.5.7.0-1-SNAPSHOT,true
validation,low_cardinality_bounds,orc,spark32-orc,-,1,"","","","","","","","","",3.2.1.3.5.7.0-1-SNAPSHOT,true
validation,timestamp_range,orc,spark32-orc,-,1,"","","","","","","","","",3.2.1.3.5.7.0-1-SNAPSHOT,true
validation,log_format_distribution,orc,spark32-orc,-,1,"","","","","","","","","",3.2.1.3.5.7.0-1-SNAPSHOT,true
validation,log_message_structure,orc,spark32-orc,-,1,"","","","","","","","","",3.2.1.3.5.7.0-1-SNAPSHOT,true
validation,orc_bloom_filters,orc,spark32-orc,-,1,"","","","","","","","","",3.2.1.3.5.7.0-1-SNAPSHOT,true
validation,row_count,orc,spark32-orc,-,1,"","","","","","","","","",3.2.1.3.5.7.0-1-SNAPSHOT,true
validation,low_cardinality_bounds,orc,spark32-orc,-,1,"","","","","","","","","",3.2.1.3.5.7.0-1-SNAPSHOT,true
validation,timestamp_range,orc,spark32-orc,-,1,"","","","","","","","","",3.2.1.3.5.7.0-1-SNAPSHOT,true
validation,log_format_distribution,orc,spark32-orc,-,1,"","","","","","","","","",3.2.1.3.5.7.0-1-SNAPSHOT,true
validation,log_message_structure,orc,spark32-orc,-,1,"","","","","","","","","",3.2.1.3.5.7.0-1-SNAPSHOT,true
validation,orc_bloom_filters,orc,spark32-orc,-,1,"","","","","","","","","",3.2.1.3.5.7.0-1-SNAPSHOT,true
