scenario,duration_ms,layout_id,engine,cache_state,dataset_label,sla_ok,sla_threshold_ms,format,run_index,warmup
epk_eq_1d,24770,best_orc,hive_tez,cold,h2,false,3000,orc,0,true
epk_eq_1d,21572,best_orc,hive_tez,cold,h2,false,3000,orc,1,true
epk_eq_1d,21557,best_orc,hive_tez,cold,h2,false,3000,orc,0,false
epk_eq_1d,22313,best_orc,hive_tez,cold,h2,false,3000,orc,1,false
epk_eq_1d,21204,best_orc,hive_tez,cold,h2,false,3000,orc,2,false
epk_eq_1d,21504,best_orc,hive_tez,cold,h2,false,3000,orc,3,false
epk_eq_1d,21381,best_orc,hive_tez,cold,h2,false,3000,orc,4,false
epk_eq_14d,20137,best_orc,hive_tez,cold,h2,false,3000,orc,0,true
epk_eq_14d,21473,best_orc,hive_tez,cold,h2,false,3000,orc,1,true
epk_eq_14d,22388,best_orc,hive_tez,cold,h2,false,3000,orc,0,false
epk_eq_14d,22376,best_orc,hive_tez,cold,h2,false,3000,orc,1,false
epk_eq_14d,23535,best_orc,hive_tez,cold,h2,false,3000,orc,2,false
epk_eq_14d,21911,best_orc,hive_tez,cold,h2,false,3000,orc,3,false
epk_eq_14d,21908,best_orc,hive_tez,cold,h2,false,3000,orc,4,false
epk_page,22152,best_orc,hive_tez,cold,h2,false,3000,orc,0,true
epk_page,22255,best_orc,hive_tez,cold,h2,false,3000,orc,1,true
epk_page,22708,best_orc,hive_tez,cold,h2,false,3000,orc,0,false
epk_page,22788,best_orc,hive_tez,cold,h2,false,3000,orc,1,false
epk_page,22404,best_orc,hive_tez,cold,h2,false,3000,orc,2,false
epk_page,22140,best_orc,hive_tez,cold,h2,false,3000,orc,3,false
epk_page,22667,best_orc,hive_tez,cold,h2,false,3000,orc,4,false
eq_filters,15862,best_orc,hive_tez,cold,h2,false,3000,orc,0,true
eq_filters,15907,best_orc,hive_tez,cold,h2,false,3000,orc,1,true
eq_filters,16989,best_orc,hive_tez,cold,h2,false,3000,orc,0,false
eq_filters,15856,best_orc,hive_tez,cold,h2,false,3000,orc,1,false
eq_filters,15471,best_orc,hive_tez,cold,h2,false,3000,orc,2,false
eq_filters,15824,best_orc,hive_tez,cold,h2,false,3000,orc,3,false
eq_filters,15047,best_orc,hive_tez,cold,h2,false,3000,orc,4,false
order_by_epk_day,16866,best_orc,hive_tez,cold,h2,false,3000,orc,0,true
order_by_epk_day,16038,best_orc,hive_tez,cold,h2,false,3000,orc,1,true
order_by_epk_day,16444,best_orc,hive_tez,cold,h2,false,3000,orc,0,false
order_by_epk_day,17022,best_orc,hive_tez,cold,h2,false,3000,orc,1,false
order_by_epk_day,15703,best_orc,hive_tez,cold,h2,false,3000,orc,2,false
order_by_epk_day,17021,best_orc,hive_tez,cold,h2,false,3000,orc,3,false
order_by_epk_day,17276,best_orc,hive_tez,cold,h2,false,3000,orc,4,false
